CULTIVAR,CLASS,Exp,GERM,SL,RL,TL,SDM,RDM,TDM
5D 615 RR,Control,1,92,7.5,8.5,16.0,35.9,21.2,57.1
5D 615 RR,Control,2,100,8.2,10.3,18.5,31.2,15.8,47.0
5D 615 RR,Control,3,100,12.3,10.0,22.2,39.5,16.6,56.1
5D 615 RR,Control,4,100,8.1,10.6,18.7,32.5,19.8,52.3
5D 6215 IPRO,Control,1,100,15.3,11.2,26.5,44.5,14.3,58.8
5D 6215 IPRO,Control,2,96,13.2,10.7,23.9,35.4,12.4,47.8
5D 6215 IPRO,Control,3,96,14.4,11.8,26.2,38.7,15.4,54.1
5D 6215 IPRO,Control,4,96,9.7,9.7,19.4,36.1,14.2,50.2
5D 690 RR,Control,1,76,10.7,9.9,20.6,38.4,15.4,53.9
5D 690 RR,Control,2,92,13.1,8.8,21.8,50.1,18.4,68.4
5D 690 RR,Control,3,92,10.1,9.0,19.1,44.0,16.0,60.0
5D 690 RR,Control,4,96,10.6,7.9,18.5,47.9,19.0,67.0
5G 770 RR,Control,1,100,12.3,10.9,23.1,39.7,14.2,53.8
5G 770 RR,Control,2,100,13.2,10.7,23.9,39.7,13.4,53.1
5G 770 RR,Control,3,100,10.8,11.1,21.8,41.9,17.0,58.9
5G 770 RR,Control,4,100,11.2,13.2,24.3,35.2,14.7,49.9
5G 830 RR,Control,1,100,10.8,9.2,19.9,37.1,12.6,49.7
5G 830 RR,Control,2,100,17.8,10.3,28.1,45.2,10.2,55.4
5G 830 RR,Control,3,100,16.5,12.6,29.1,45.1,11.4,56.6
5G 830 RR,Control,4,100,14.1,11.3,25.4,42.0,12.6,54.7
95R51,Control,1,76,10.7,7.5,18.2,59.0,20.4,79.5
95R51,Control,2,96,14.1,8.4,22.5,46.6,12.4,59.0
95R51,Control,3,92,15.9,9.7,25.6,50.6,12.8,63.4
95R51,Control,4,100,12.5,7.5,20.0,52.8,13.2,66.0
97R21,Control,1,92,20.2,13.5,33.7,49.2,16.1,65.3
97R21,Control,2,96,13.2,10.7,23.9,47.1,15.6,62.7
97R21,Control,3,100,10.0,10.2,20.2,48.8,15.6,64.4
97R21,Control,4,100,16.2,13.9,30.1,52.4,15.9,68.3
97R50 IPRO,Control,1,100,20.9,13.2,34.1,55.0,18.8,73.8
97R50 IPRO,Control,2,100,19.6,11.0,30.6,55.0,16.9,71.9
97R50 IPRO,Control,3,100,15.5,15.2,30.6,52.3,20.8,73.1
97R50 IPRO,Control,4,100,17.4,16.4,33.8,50.6,20.7,71.4
97R73 RR,Control,1,92,11.7,11.7,23.4,46.3,20.4,66.6
97R73 RR,Control,2,96,12.9,12.5,25.4,49.3,21.7,71.1
97R73 RR,Control,3,100,11.7,13.6,25.3,43.7,21.4,65.1
97R73 RR,Control,4,100,12.8,12.2,25.0,40.9,18.9,59.7
98R31 IPRO,Control,1,100,17.1,14.5,31.6,59.1,19.1,78.1
98R31 IPRO,Control,2,96,15.7,12.3,28.0,56.5,20.8,77.2
98R31 IPRO,Control,3,100,14.5,11.4,25.9,55.3,17.9,73.3
98R31 IPRO,Control,4,92,15.4,14.3,29.6,60.2,20.0,80.2
98R35 IPRO,Control,1,92,12.8,11.7,24.5,43.4,13.6,57.0
98R35 IPRO,Control,2,100,15.5,13.5,29.0,50.9,14.5,65.3
98R35 IPRO,Control,3,100,13.3,11.2,24.5,47.4,13.1,60.4
98R35 IPRO,Control,4,100,13.9,13.9,27.8,54.5,15.9,70.4
AS 3575 IPRO,Control,1,100,15.9,15.9,31.8,52.5,17.2,69.6
AS 3575 IPRO,Control,2,100,16.0,16.2,32.2,48.1,18.1,66.2
AS 3575 IPRO,Control,3,96,16.6,13.7,30.3,49.7,18.1,67.9
AS 3575 IPRO,Control,4,100,14.4,13.6,28.0,47.1,16.5,63.6
AS 3610 IPRO,Control,1,100,22.0,16.6,38.6,49.7,17.2,66.8
AS 3610 IPRO,Control,2,100,17.7,17.8,35.5,50.1,19.0,69.1
AS 3610 IPRO,Control,3,92,16.2,16.4,32.6,56.9,19.4,76.2
AS 3610 IPRO,Control,4,100,16.5,14.3,30.8,49.1,17.3,66.4
BMX Bonus IPRO,Control,1,100,19.4,13.2,32.6,63.0,16.4,79.4
BMX Bonus IPRO,Control,2,100,21.2,11.7,32.9,62.5,16.6,79.1
BMX Bonus IPRO,Control,3,100,19.0,11.6,30.6,59.1,18.6,77.7
BMX Bonus IPRO,Control,4,100,16.9,13.7,30.6,63.1,16.6,79.7
BMX Desafio RR,Control,1,100,13.5,13.8,27.3,39.2,13.7,52.9
BMX Desafio RR,Control,2,100,13.9,13.2,27.0,38.2,13.9,52.1
BMX Desafio RR,Control,3,100,7.3,11.7,19.0,39.6,13.9,53.4
BMX Desafio RR,Control,4,96,14.2,14.6,28.8,37.0,14.9,51.9
BMX Foco IPRO,Control,1,84,12.7,9.1,21.8,41.7,10.1,51.8
BMX Foco IPRO,Control,2,80,11.2,9.3,20.5,36.9,9.8,46.7
BMX Foco IPRO,Control,3,80,11.6,10.8,22.4,37.5,12.5,50.0
BMX Foco IPRO,Control,4,86,11.4,9.9,21.3,35.8,12.8,48.6
BMX Ponta IPRO,Control,1,96,16.5,11.0,27.5,40.7,12.1,52.7
BMX Ponta IPRO,Control,2,100,15.0,13.0,28.0,45.8,14.6,60.4
BMX Ponta IPRO,Control,3,96,10.1,10.2,20.3,36.4,12.6,49.0
BMX Ponta IPRO,Control,4,92,15.4,11.9,27.2,44.2,15.9,60.1
CD 238 RR,Control,1,100,17.0,13.2,30.2,45.0,15.6,60.6
CD 238 RR,Control,2,100,15.5,14.3,29.8,43.6,15.2,58.8
CD 238 RR,Control,3,100,20.0,14.5,34.4,43.8,14.2,58.0
CD 238 RR,Control,4,100,17.7,14.7,32.4,44.5,17.2,61.7
CD 250,Control,1,100,19.4,17.8,37.1,49.9,18.0,67.9
CD 250,Control,2,100,20.2,17.0,37.2,50.3,15.0,65.3
CD 250,Control,3,96,17.7,15.6,33.3,49.1,17.4,66.5
CD 250,Control,4,96,20.3,15.7,36.0,51.6,17.7,69.3
CG 67 RR,Control,1,76,14.9,10.2,25.1,44.5,14.9,59.4
CG 67 RR,Control,2,88,13.5,10.1,23.5,43.9,17.5,61.3
CG 67 RR,Control,3,88,13.3,10.8,24.1,44.7,16.4,61.1
CG 67 RR,Control,4,92,11.6,12.0,23.6,42.2,17.0,59.1
CG 68 RR,Control,1,92,17.7,14.3,32.0,49.8,15.7,65.5
CG 68 RR,Control,2,92,15.5,12.7,28.2,48.3,16.7,65.0
CG 68 RR,Control,3,100,18.5,16.2,34.7,51.4,15.9,67.3
CG 68 RR,Control,4,100,18.1,15.8,33.9,48.2,15.9,64.1
CG 7464 RR,Control,1,100,17.6,12.2,29.8,50.4,16.5,66.9
CG 7464 RR,Control,2,96,15.3,13.5,28.8,47.5,15.7,63.2
CG 7464 RR,Control,3,96,16.0,12.6,28.5,46.0,15.8,61.8
CG 7464 RR,Control,4,96,16.0,11.2,27.2,44.9,14.7,59.7
CG 7665 RR,Control,1,100,18.2,11.1,29.3,43.2,13.2,56.4
CG 7665 RR,Control,2,92,20.3,13.8,34.1,35.9,13.6,49.5
CG 7665 RR,Control,3,96,15.9,10.5,26.4,45.8,13.8,59.7
CG 7665 RR,Control,4,96,19.0,12.9,31.9,45.4,14.8,60.2
CG 8166 RR,Control,1,100,18.3,14.1,32.4,52.1,17.2,69.3
CG 8166 RR,Control,2,100,15.5,16.3,31.8,56.5,22.1,78.6
CG 8166 RR,Control,3,100,18.8,13.5,32.3,49.9,17.4,67.3
CG 8166 RR,Control,4,100,16.8,14.8,31.6,53.5,18.7,72.2
FPS Antares RR,Control,1,92,14.5,13.2,27.7,50.3,19.9,70.2
FPS Antares RR,Control,2,88,15.3,10.6,25.9,48.7,20.0,68.7
FPS Antares RR,Control,3,84,15.9,14.8,30.6,47.0,18.3,65.3
FPS Antares RR,Control,4,88,13.1,10.1,23.1,48.4,21.8,70.2
FPS Atalanta IPRO,Control,1,100,14.8,14.7,29.5,43.2,13.7,56.9
FPS Atalanta IPRO,Control,2,100,18.1,14.3,32.4,43.7,15.8,59.5
FPS Atalanta IPRO,Control,3,100,15.8,13.6,29.4,37.3,16.1,53.5
FPS Atalanta IPRO,Control,4,100,18.8,17.8,36.6,42.9,17.2,60.2
FPS Iguacu RR,Control,1,100,17.2,11.4,28.6,43.0,14.3,57.3
FPS Iguacu RR,Control,2,92,19.3,12.0,31.3,44.1,13.2,57.3
FPS Iguacu RR,Control,3,100,18.8,13.7,32.5,40.8,14.9,55.7
FPS Iguacu RR,Control,4,100,19.8,14.5,34.3,45.5,14.5,60.0
FPS Jupiter RR,Control,1,100,18.9,14.6,33.5,45.1,13.0,58.1
FPS Jupiter RR,Control,2,100,18.3,16.2,34.5,41.9,13.3,55.1
FPS Jupiter RR,Control,3,96,13.5,13.6,27.1,41.5,13.6,55.1
FPS Jupiter RR,Control,4,96,19.0,15.8,34.8,40.2,14.3,54.5
FPS Netuno RR,Control,1,84,12.7,14.8,27.5,37.0,16.4,53.4
FPS Netuno RR,Control,2,100,17.3,11.6,28.8,44.9,18.3,63.2
FPS Netuno RR,Control,3,92,19.8,16.2,36.0,48.4,18.3,66.7
FPS Netuno RR,Control,4,96,18.9,12.6,31.5,49.8,17.1,66.8
FPS Paranapanema RR,Control,1,100,14.1,12.8,26.9,49.3,16.1,65.4
FPS Paranapanema RR,Control,2,100,16.6,13.9,30.5,50.9,15.0,65.9
FPS Paranapanema RR,Control,3,96,16.5,13.7,30.2,48.2,15.9,64.1
FPS Paranapanema RR,Control,4,100,17.7,17.1,34.8,52.8,18.4,71.2
FPS solar IPRO,Control,1,100,17.2,11.3,28.5,47.2,18.6,65.8
FPS solar IPRO,Control,2,100,15.8,13.1,29.0,47.1,15.6,62.7
FPS solar IPRO,Control,3,92,14.4,11.6,26.0,41.7,15.2,56.9
FPS solar IPRO,Control,4,96,11.0,13.0,23.9,39.2,15.5,54.7
FPS Solimoes RR,Control,1,100,15.8,11.1,26.9,53.9,17.7,71.7
FPS Solimoes RR,Control,2,100,16.2,12.4,28.6,54.0,18.6,72.6
FPS Solimoes RR,Control,3,92,15.1,11.8,26.9,49.5,17.6,67.1
FPS Solimoes RR,Control,4,92,17.0,13.9,30.8,50.4,17.5,67.9
FPS Urano RR,Control,1,100,16.0,12.3,28.3,44.5,16.6,61.1
FPS Urano RR,Control,2,100,16.2,14.3,30.5,45.3,17.5,62.8
FPS Urano RR,Control,3,100,16.0,12.5,28.5,47.2,19.8,67.0
FPS Urano RR,Control,4,100,15.8,12.4,28.2,42.4,14.9,57.3
HO Cristalina IPRO,Control,1,84,16.7,13.1,29.8,54.5,19.2,73.7
HO Cristalina IPRO,Control,2,92,16.0,12.6,28.6,53.1,17.3,70.5
HO Cristalina IPRO,Control,3,84,17.8,13.0,30.8,47.6,14.8,62.4
HO Cristalina IPRO,Control,4,88,14.6,11.7,26.3,50.1,17.6,67.6
HO Maracai IPRO,Control,1,92,15.0,9.9,24.9,49.1,14.8,64.0
HO Maracai IPRO,Control,2,88,16.7,10.5,27.2,47.6,14.9,62.5
HO Maracai IPRO,Control,3,92,16.3,10.1,26.4,47.0,15.1,62.1
HO Maracai IPRO,Control,4,100,18.0,11.4,29.4,49.6,17.6,67.1
HO Paranaiba IPRO,Control,1,96,21.0,16.7,37.7,62.4,20.9,83.3
HO Paranaiba IPRO,Control,2,96,17.8,13.7,31.5,50.5,20.5,71.1
HO Paranaiba IPRO,Control,3,100,20.0,15.8,35.8,58.3,19.5,77.7
HO Paranaiba IPRO,Control,4,100,17.0,13.6,30.6,54.3,18.5,72.8
LG 60163 IPRO,Control,1,100,16.8,16.4,33.2,42.4,14.9,57.4
LG 60163 IPRO,Control,2,96,18.7,15.6,34.3,45.1,14.9,60.0
LG 60163 IPRO,Control,3,100,18.9,14.5,33.4,43.3,15.3,58.6
LG 60163 IPRO,Control,4,100,18.9,13.6,32.5,41.7,13.7,55.4
LG 60177 IPRO,Control,1,96,14.5,10.1,24.6,46.9,15.5,62.4
LG 60177 IPRO,Control,2,96,16.8,11.7,28.5,51.3,16.8,68.1
LG 60177 IPRO,Control,3,96,15.1,10.2,25.3,46.2,13.5,59.8
LG 60177 IPRO,Control,4,84,16.3,11.4,27.7,51.7,15.1,66.8
M5917 IPRO,Control,1,100,13.8,13.9,27.7,38.6,19.7,58.3
M5917 IPRO,Control,2,100,16.0,15.9,31.9,46.4,17.5,63.9
M5917 IPRO,Control,3,100,15.1,15.2,30.3,40.0,17.2,57.2
M5917 IPRO,Control,4,100,15.8,15.3,31.1,36.0,17.5,53.5
M7110 IPRO,Control,1,100,14.2,11.6,25.8,57.5,23.3,80.8
M7110 IPRO,Control,2,100,16.8,12.4,29.2,59.3,21.4,80.7
M7110 IPRO,Control,3,92,14.6,10.9,25.5,58.0,21.9,79.9
M7110 IPRO,Control,4,92,13.9,12.3,26.2,53.1,24.3,77.4
NS 5106 IPRO,Control,1,92,16.1,11.5,27.6,45.8,17.3,63.1
NS 5106 IPRO,Control,2,100,17.5,10.4,27.9,46.7,14.2,60.9
NS 5106 IPRO,Control,3,96,15.9,12.5,28.4,44.6,16.8,61.4
NS 5106 IPRO,Control,4,92,17.9,14.3,32.2,52.0,15.5,67.5
NS 5151 IPRO,Control,1,72,14.2,8.2,22.4,41.5,10.4,51.9
NS 5151 IPRO,Control,2,80,11.3,9.2,20.5,37.6,12.7,50.3
NS 5151 IPRO,Control,3,80,13.8,9.0,22.8,44.0,14.5,58.5
NS 5151 IPRO,Control,4,88,14.0,8.6,22.6,49.6,12.8,62.4
NS 5909 RG,Control,1,88,14.9,12.2,27.1,45.7,15.8,61.5
NS 5909 RG,Control,2,96,11.7,10.6,22.3,39.5,13.9,53.4
NS 5909 RG,Control,3,100,16.6,13.0,29.6,37.8,12.6,50.4
NS 5909 RG,Control,4,96,13.9,11.1,25.0,40.1,14.8,54.9
NS 5959 IPRO,Control,1,92,17.1,12.3,29.4,43.2,11.2,54.4
NS 5959 IPRO,Control,2,96,15.8,12.3,28.1,44.2,11.8,56.0
NS 5959 IPRO,Control,3,88,13.9,11.2,25.1,39.8,11.1,50.9
NS 5959 IPRO,Control,4,92,16.5,13.7,30.1,45.9,11.5,57.4
NS 6909 IPRO,Control,1,88,12.0,10.0,22.0,43.4,19.1,62.5
NS 6909 IPRO,Control,2,88,10.8,9.4,20.2,42.7,17.7,60.5
NS 6909 IPRO,Control,3,92,11.9,9.7,21.6,40.2,17.8,58.0
NS 6909 IPRO,Control,4,84,10.8,10.3,21.1,45.4,22.8,68.2
NS 7000 IPRO,Control,1,100,17.2,14.5,31.7,51.4,18.7,70.1
NS 7000 IPRO,Control,2,96,18.5,15.0,33.5,54.3,17.5,71.8
NS 7000 IPRO,Control,3,100,17.2,14.8,32.0,54.5,18.3,72.8
NS 7000 IPRO,Control,4,100,19.0,13.3,32.3,56.1,18.2,74.3
NS 7007 IPRO,Control,1,96,14.6,11.7,26.3,55.7,14.3,70.0
NS 7007 IPRO,Control,2,96,14.7,10.7,25.4,57.3,16.6,73.9
NS 7007 IPRO,Control,3,100,15.1,11.5,26.6,53.4,17.2,70.7
NS 7007 IPRO,Control,4,96,10.6,9.5,20.1,45.7,14.5,60.2
NS 7209 IPRO,Control,1,100,16.8,15.0,31.8,51.2,18.1,69.3
NS 7209 IPRO,Control,2,100,15.6,14.0,29.6,46.7,16.9,63.6
NS 7209 IPRO,Control,3,100,17.7,12.1,29.8,47.5,16.0,63.5
NS 7209 IPRO,Control,4,100,14.7,10.9,25.6,46.4,17.0,63.4
NS 7300 IPRO,Control,1,100,17.6,11.0,28.5,48.8,11.9,60.7
NS 7300 IPRO,Control,2,92,16.0,11.6,27.6,48.3,12.6,61.0
NS 7300 IPRO,Control,3,88,14.5,10.8,25.3,51.1,14.3,65.4
NS 7300 IPRO,Control,4,96,13.6,11.2,24.8,54.4,15.4,69.8
NS 7338 IPRO,Control,1,88,10.9,16.2,27.1,40.6,10.5,51.0
NS 7338 IPRO,Control,2,80,9.4,15.6,24.9,35.0,12.7,47.7
NS 7338 IPRO,Control,3,88,11.0,15.9,26.9,35.4,10.9,46.3
NS 7338 IPRO,Control,4,80,13.0,16.6,29.6,38.4,12.1,50.5
NS 7505 IPRO,Control,1,84,10.6,12.8,23.4,43.2,17.8,61.0
NS 7505 IPRO,Control,2,84,11.4,12.6,24.0,40.4,19.0,59.4
NS 7505 IPRO,Control,3,96,10.8,14.2,25.0,44.2,18.9,63.1
NS 7505 IPRO,Control,4,92,11.4,13.5,24.9,41.2,19.3,60.5
NS 8399 IPRO,Control,1,100,14.1,12.8,26.9,39.9,15.3,55.3
NS 8399 IPRO,Control,2,92,17.3,14.4,31.6,43.5,14.0,57.5
NS 8399 IPRO,Control,3,100,14.7,13.7,28.4,46.8,17.2,64.0
NS 8399 IPRO,Control,4,100,14.9,14.7,29.6,42.2,14.4,56.6
RK 5813 RR,Control,1,96,20.0,14.7,34.7,57.7,17.3,75.0
RK 5813 RR,Control,2,100,18.1,12.3,30.4,54.9,17.1,72.0
RK 5813 RR,Control,3,96,13.6,11.2,24.7,52.4,15.5,67.9
RK 5813 RR,Control,4,100,16.7,13.2,29.9,52.8,17.2,70.0
RK 6316 RR,Control,1,92,12.8,14.4,27.1,39.9,15.6,55.5
RK 6316 RR,Control,2,92,16.6,15.1,31.7,38.3,16.6,54.8
RK 6316 RR,Control,3,88,12.2,13.0,25.2,34.3,15.0,49.3
RK 6316 RR,Control,4,92,13.8,13.3,27.0,37.0,15.4,52.4
RK 6719 IPRO,Control,1,100,17.9,14.5,32.4,48.8,16.3,65.1
RK 6719 IPRO,Control,2,100,16.9,16.5,33.4,50.1,16.6,66.6
RK 6719 IPRO,Control,3,100,17.8,13.8,31.6,46.9,16.4,63.3
RK 6719 IPRO,Control,4,100,18.9,14.5,33.4,51.1,16.2,67.4
RK 6813 RR,Control,1,100,17.3,13.3,30.6,48.7,14.7,63.4
RK 6813 RR,Control,2,96,16.5,15.4,31.9,49.9,16.6,66.5
RK 6813 RR,Control,3,100,16.4,10.4,26.8,46.6,13.9,60.6
RK 6813 RR,Control,4,100,16.2,15.3,31.5,48.3,18.5,66.8
RK 7214 IPRO,Control,1,96,13.8,8.6,22.4,48.4,12.4,60.8
RK 7214 IPRO,Control,2,100,9.3,9.1,18.4,48.1,15.4,63.5
RK 7214 IPRO,Control,3,100,16.4,10.6,27.0,52.1,14.6,66.8
RK 7214 IPRO,Control,4,88,12.3,9.3,21.6,44.2,16.2,60.4
RK 7518 IPRO,Control,1,100,14.4,11.4,25.8,48.6,16.8,65.4
RK 7518 IPRO,Control,2,100,15.8,11.7,27.5,44.6,16.8,61.5
RK 7518 IPRO,Control,3,100,16.1,11.2,27.3,47.2,15.1,62.3
RK 7518 IPRO,Control,4,100,15.4,11.4,26.8,47.9,16.4,64.4
RK 8115 IPRO,Control,1,96,17.0,15.6,32.6,49.6,19.0,68.7
RK 8115 IPRO,Control,2,96,16.3,15.0,31.3,49.4,16.1,65.5
RK 8115 IPRO,Control,3,92,15.9,13.3,29.2,50.9,18.9,69.8
RK 8115 IPRO,Control,4,100,16.1,13.4,29.5,52.2,17.8,70.0
RK 8317 IPRO,Control,1,88,11.4,5.1,16.5,38.3,9.1,47.3
RK 8317 IPRO,Control,2,84,9.8,5.8,15.6,39.4,7.4,46.8
RK 8317 IPRO,Control,3,92,11.6,6.8,18.4,37.6,10.8,48.4
RK 8317 IPRO,Control,4,88,11.1,5.4,16.5,34.4,9.8,44.2
ST 777 IPRO,Control,1,100,17.5,14.1,31.6,35.7,7.9,43.6
ST 777 IPRO,Control,2,100,16.7,12.9,29.6,36.6,10.3,46.8
ST 777 IPRO,Control,3,100,18.2,13.0,31.2,40.6,9.5,50.0
ST 777 IPRO,Control,4,100,17.4,16.3,33.7,37.7,8.1,45.8
ST 797 IPRO,Control,1,100,13.0,13.9,26.9,50.2,14.2,64.4
ST 797 IPRO,Control,2,100,14.6,13.0,27.6,48.0,12.7,60.7
ST 797 IPRO,Control,3,100,13.9,12.0,25.9,45.7,15.1,60.8
ST 797 IPRO,Control,4,100,12.2,13.8,26.0,45.0,15.4,60.3
SYN 13610 IPRO,Control,1,92,15.8,12.3,28.1,39.7,12.7,52.4
SYN 13610 IPRO,Control,2,100,16.0,14.3,30.3,41.5,15.0,56.5
SYN 13610 IPRO,Control,3,100,17.2,14.1,31.3,42.5,13.1,55.6
SYN 13610 IPRO,Control,4,92,11.8,10.8,22.6,35.2,13.3,48.5
TMG 2165 IPRO,Control,1,100,15.4,12.0,27.4,45.1,17.5,62.7
TMG 2165 IPRO,Control,2,92,15.7,13.5,29.2,47.0,16.5,63.4
TMG 2165 IPRO,Control,3,100,14.9,11.2,26.1,47.2,15.7,63.0
TMG 2165 IPRO,Control,4,100,17.5,13.8,31.3,44.5,14.7,59.2
TMG 2378 IPRO,Control,1,92,12.1,10.4,22.5,38.6,9.1,47.7
TMG 2378 IPRO,Control,2,96,15.1,11.1,26.2,45.4,10.4,55.8
TMG 2378 IPRO,Control,3,100,14.0,10.9,24.9,41.8,13.5,55.3
TMG 2378 IPRO,Control,4,96,14.8,11.6,26.4,44.2,11.2,55.4
TMG 2381 IPRO,Control,1,100,15.9,16.9,32.8,54.6,14.6,69.3
TMG 2381 IPRO,Control,2,100,18.1,15.6,33.7,62.5,15.0,77.5
TMG 2381 IPRO,Control,3,100,18.5,18.7,37.2,54.8,16.8,71.6
TMG 2381 IPRO,Control,4,100,17.9,14.5,32.4,53.4,14.3,67.7
TMG 7061 IPRO,Control,1,100,11.0,10.3,21.3,48.0,21.1,69.1
TMG 7061 IPRO,Control,2,96,12.0,10.4,22.4,47.6,17.0,64.6
TMG 7061 IPRO,Control,3,96,10.3,10.2,20.5,37.9,18.4,56.3
TMG 7061 IPRO,Control,4,100,12.9,10.6,23.5,43.7,17.6,61.3
TMG 7063 IPRO,Control,1,92,11.8,7.9,19.7,34.3,18.4,52.7
TMG 7063 IPRO,Control,2,84,10.8,7.7,18.5,36.9,13.4,50.3
TMG 7063 IPRO,Control,3,88,12.0,9.4,21.4,38.2,16.9,55.0
TMG 7063 IPRO,Control,4,80,13.3,9.0,22.3,37.4,15.1,52.5
TMG 7067 IPRO,Control,1,100,16.6,9.1,25.6,54.2,17.8,71.9
TMG 7067 IPRO,Control,2,100,14.6,9.6,24.2,51.9,18.2,70.1
TMG 7067 IPRO,Control,3,100,15.5,10.7,26.1,43.6,18.1,61.7
TMG 7067 IPRO,Control,4,100,13.8,11.0,24.8,49.6,17.7,67.2
TMG 716 RR,Control,1,100,21.4,12.9,34.3,56.2,20.6,76.8
TMG 716 RR,Control,2,100,17.5,13.9,31.4,46.0,18.6,64.5
TMG 716 RR,Control,3,100,17.5,16.3,33.8,46.7,17.2,63.9
TMG 716 RR,Control,4,100,18.7,14.1,32.8,49.9,19.2,69.1
5D 615 RR,Drought,1,96,2.1,9.9,12.0,3.5,14.7,18.2
5D 615 RR,Drought,2,94,1.9,11.2,13.1,3.0,14.0,16.9
5D 615 RR,Drought,3,92,2.0,13.2,15.2,3.1,14.1,17.2
5D 615 RR,Drought,4,92,2.0,11.1,13.1,3.6,14.0,17.6
5D 6215 IPRO,Drought,1,96,4.6,11.0,15.6,6.0,12.9,18.9
5D 6215 IPRO,Drought,2,92,2.8,9.7,12.5,4.7,15.1,19.8
5D 6215 IPRO,Drought,3,88,3.8,9.1,12.9,5.4,14.2,19.6
5D 6215 IPRO,Drought,4,100,3.8,9.5,13.3,5.8,12.8,18.5
5D 690 RR,Drought,1,68,2.8,10.0,12.8,4.4,11.1,15.6
5D 690 RR,Drought,2,76,2.5,12.8,15.3,4.6,15.4,20.1
5D 690 RR,Drought,3,68,2.6,11.3,14.0,4.1,13.9,17.9
5D 690 RR,Drought,4,70,3.5,10.8,14.3,5.5,14.0,19.4
5G 770 RR,Drought,1,92,2.9,15.2,18.1,4.0,15.3,19.3
5G 770 RR,Drought,2,84,2.7,18.4,21.1,3.2,17.1,20.3
5G 770 RR,Drought,3,92,2.8,18.2,21.0,3.4,18.7,22.1
5G 770 RR,Drought,4,92,3.0,18.0,21.0,4.2,17.4,21.6
5G 830 RR,Drought,1,92,4.1,8.6,12.7,6.3,11.4,17.7
5G 830 RR,Drought,2,100,4.5,9.8,14.3,6.1,12.2,18.3
5G 830 RR,Drought,3,100,4.2,11.5,15.7,5.7,14.6,20.3
5G 830 RR,Drought,4,100,4.4,8.6,13.0,6.7,11.4,18.1
95R51,Drought,1,80,3.6,11.5,15.1,5.2,16.2,21.4
95R51,Drought,2,84,3.4,13.3,16.7,4.4,13.8,18.2
95R51,Drought,3,84,3.1,10.6,13.7,4.1,13.7,17.8
95R51,Drought,4,84,3.5,8.1,11.6,5.1,11.7,16.8
97R21,Drought,1,92,3.5,13.8,17.3,3.6,15.4,19.0
97R21,Drought,2,84,2.7,16.0,18.7,4.2,18.0,22.2
97R21,Drought,3,88,2.1,15.6,17.7,4.3,17.6,21.9
97R21,Drought,4,96,2.7,12.9,15.6,4.7,13.9,18.6
97R50 IPRO,Drought,1,92,3.50,16.50,20.00,3.97,20.84,24.8
97R50 IPRO,Drought,2,88,3.76,16.90,20.66,5.40,21.99,27.4
97R50 IPRO,Drought,3,88,4.00,15.30,19.30,5.40,19.78,25.2
97R50 IPRO,Drought,4,81,4.03,13.40,17.43,6.20,21.27,27.5
97R73 RR,Drought,1,92,2.8,12.5,15.3,3.8,18.2,22.0
97R73 RR,Drought,2,96,2.3,13.6,15.9,3.6,19.7,23.2
97R73 RR,Drought,3,92,2.2,13.2,15.4,3.7,21.7,25.4
97R73 RR,Drought,4,96,2.6,14.3,16.9,3.4,20.8,24.2
98R31 IPRO,Drought,1,92,3.49,16.70,20.19,6.34,20.85,27.2
98R31 IPRO,Drought,2,92,4.00,15.00,19.00,5.35,18.70,24.1
98R31 IPRO,Drought,3,92,3.49,16.60,20.09,5.52,19.48,25.0
98R31 IPRO,Drought,4,92,3.23,14.45,17.68,5.45,22.13,27.6
98R35 IPRO,Drought,1,84,7.38,14.50,21.88,5.98,18.03,24.0
98R35 IPRO,Drought,2,92,7.13,12.90,20.03,7.74,14.54,22.3
98R35 IPRO,Drought,3,88,8.06,14.40,22.46,8.03,15.01,23.0
98R35 IPRO,Drought,4,88,8.60,13.10,21.70,7.82,16.08,23.9
AS 3575 IPRO,Drought,1,100,4.6,17.5,22.1,6.4,17.9,24.3
AS 3575 IPRO,Drought,2,100,4.9,16.6,21.5,6.7,20.9,27.6
AS 3575 IPRO,Drought,3,100,4.4,17.4,21.8,6.6,22.3,28.9
AS 3575 IPRO,Drought,4,100,4.3,16.4,20.7,6.6,21.1,27.7
AS 3610 IPRO,Drought,1,100,4.7,15.5,20.2,6.8,15.3,22.1
AS 3610 IPRO,Drought,2,96,4.9,16.4,21.3,6.9,22.0,28.9
AS 3610 IPRO,Drought,3,96,5.6,15.5,21.1,6.8,17.5,24.3
AS 3610 IPRO,Drought,4,96,5.4,11.6,17.0,7.0,17.0,23.9
BMX Bonus IPRO,Drought,1,88,3.23,12.85,16.08,6.74,19.22,26.0
BMX Bonus IPRO,Drought,2,88,3.23,14.35,17.58,5.38,20.98,26.4
BMX Bonus IPRO,Drought,3,84,2.42,13.75,16.17,5.69,20.40,26.1
BMX Bonus IPRO,Drought,4,88,2.96,13.90,16.86,6.02,21.12,27.1
BMX Desafio RR,Drought,1,94,5.4,12.4,17.8,7.4,20.8,28.2
BMX Desafio RR,Drought,2,96,4.4,18.8,23.2,5.9,20.8,26.8
BMX Desafio RR,Drought,3,94,3.4,17.2,20.6,5.6,19.9,25.5
BMX Desafio RR,Drought,4,88,4.6,14.1,18.7,6.6,18.6,25.2
BMX Foco IPRO,Drought,1,76,3.50,11.65,15.15,4.98,10.73,15.7
BMX Foco IPRO,Drought,2,72,4.03,12.80,16.83,6.37,9.69,16.1
BMX Foco IPRO,Drought,3,72,3.49,10.95,14.44,5.39,9.83,15.2
BMX Foco IPRO,Drought,4,76,4.63,11.30,15.93,6.89,10.88,17.8
BMX Ponta IPRO,Drought,1,88,4.2,10.6,14.8,5.9,14.3,20.2
BMX Ponta IPRO,Drought,2,92,4.6,11.7,16.3,5.6,16.4,22.0
BMX Ponta IPRO,Drought,3,88,3.8,14.4,18.2,5.5,18.8,24.3
BMX Ponta IPRO,Drought,4,92,4.9,11.9,16.8,6.4,16.9,23.3
CD 238 RR,Drought,1,88,4.3,15.4,19.7,6.4,14.3,20.6
CD 238 RR,Drought,2,92,3.7,13.6,17.3,5.3,14.4,19.7
CD 238 RR,Drought,3,84,3.8,15.7,19.5,6.0,14.5,20.5
CD 238 RR,Drought,4,92,3.9,12.2,16.1,5.9,14.2,20.0
CD 250,Drought,1,92,5.2,8.5,13.7,6.2,20.1,26.3
CD 250,Drought,2,96,5.0,10.0,15.0,6.5,16.1,22.6
CD 250,Drought,3,92,4.7,10.8,15.5,5.4,16.8,22.2
CD 250,Drought,4,96,4.9,11.6,16.5,6.1,18.6,24.7
CG 67 RR,Drought,1,100,4.1,7.9,12.0,6.3,10.6,16.9
CG 67 RR,Drought,2,100,2.9,9.5,12.4,5.8,10.6,16.4
CG 67 RR,Drought,3,96,3.3,9.0,12.3,5.9,12.6,18.5
CG 67 RR,Drought,4,100,3.6,9.2,12.8,6.0,12.4,18.4
CG 68 RR,Drought,1,80,4.2,11.2,15.4,5.6,12.8,18.3
CG 68 RR,Drought,2,80,2.7,10.6,13.3,4.1,12.7,16.8
CG 68 RR,Drought,3,80,2.7,12.0,14.7,4.8,13.9,18.7
CG 68 RR,Drought,4,84,2.7,9.8,12.5,4.5,13.8,18.3
CG 7464 RR,Drought,1,88,4.7,14.2,18.9,6.9,17.7,24.6
CG 7464 RR,Drought,2,88,4.2,12.5,16.7,6.8,15.1,21.9
CG 7464 RR,Drought,3,92,3.9,14.2,18.1,6.6,13.7,20.3
CG 7464 RR,Drought,4,88,4.4,12.8,17.2,6.9,12.2,19.1
CG 7665 RR,Drought,1,84,3.6,14.0,17.6,6.6,13.2,19.7
CG 7665 RR,Drought,2,88,3.9,18.8,22.7,7.1,14.6,21.7
CG 7665 RR,Drought,3,84,3.4,16.6,20.0,6.2,15.7,21.9
CG 7665 RR,Drought,4,80,3.3,15.7,19.0,5.4,14.7,20.1
CG 8166 RR,Drought,1,84,2.2,7.8,10.0,3.7,8.3,12.0
CG 8166 RR,Drought,2,88,2.7,8.7,11.4,3.7,10.7,14.3
CG 8166 RR,Drought,3,84,2.6,9.7,12.3,4.3,11.5,15.8
CG 8166 RR,Drought,4,88,3.5,8.8,12.3,4.6,10.2,14.8
FPS Antares RR,Drought,1,96,4.3,19.6,23.9,5.7,22.7,28.4
FPS Antares RR,Drought,2,96,4.2,16.7,20.9,5.3,24.0,29.3
FPS Antares RR,Drought,3,100,3.8,18.9,22.7,5.0,24.2,29.2
FPS Antares RR,Drought,4,100,3.9,20.1,24.0,5.3,25.7,31.0
FPS Atalanta IPRO,Drought,1,84,3.6,15.7,19.3,5.7,17.4,23.1
FPS Atalanta IPRO,Drought,2,84,3.0,15.9,18.9,5.2,16.4,21.6
FPS Atalanta IPRO,Drought,3,92,3.7,17.0,20.7,5.9,16.8,22.7
FPS Atalanta IPRO,Drought,4,92,3.4,15.6,19.0,5.8,16.6,22.4
FPS Iguacu RR,Drought,1,92,4.0,9.6,13.6,4.8,10.3,15.1
FPS Iguacu RR,Drought,2,100,4.0,8.9,12.9,5.5,13.2,18.7
FPS Iguacu RR,Drought,3,96,3.1,9.4,12.5,5.0,12.0,17.0
FPS Iguacu RR,Drought,4,92,4.2,8.9,13.1,6.2,11.7,17.9
FPS Jupiter RR,Drought,1,100,4.4,12.0,16.4,7.1,13.4,20.5
FPS Jupiter RR,Drought,2,96,4.9,13.1,18.0,7.6,13.5,21.1
FPS Jupiter RR,Drought,3,100,4.7,10.9,15.6,7.1,14.7,21.8
FPS Jupiter RR,Drought,4,96,5.0,12.8,17.8,6.4,15.3,21.7
FPS Netuno RR,Drought,1,92,4.4,9.6,14.0,6.1,10.7,16.8
FPS Netuno RR,Drought,2,100,4.1,7.9,12.0,5.4,12.6,18.0
FPS Netuno RR,Drought,3,88,3.3,10.0,13.3,5.2,13.9,19.1
FPS Netuno RR,Drought,4,92,4.0,9.0,13.0,4.8,14.3,19.1
FPS Paranapanema RR,Drought,1,82,4.3,15.0,19.3,5.2,11.9,17.2
FPS Paranapanema RR,Drought,2,98,3.6,14.4,18.0,5.4,18.3,23.7
FPS Paranapanema RR,Drought,3,96,3.7,15.7,19.4,6.4,19.5,25.8
FPS Paranapanema RR,Drought,4,92,4.6,12.5,17.1,5.9,15.2,21.1
FPS solar IPRO,Drought,1,88,4.0,15.1,19.1,6.3,16.7,23.1
FPS solar IPRO,Drought,2,96,4.1,14.0,18.1,6.8,15.6,22.3
FPS solar IPRO,Drought,3,92,3.6,19.2,22.8,6.6,18.5,25.1
FPS solar IPRO,Drought,4,96,4.3,18.8,23.1,7.7,17.0,24.6
FPS Solimoes RR,Drought,1,92,6.4,17.4,23.8,8.5,24.5,33.0
FPS Solimoes RR,Drought,2,92,5.2,18.6,23.8,8.3,21.9,30.2
FPS Solimoes RR,Drought,3,94,4.7,18.5,23.2,7.3,24.2,31.4
FPS Solimoes RR,Drought,4,88,4.6,20.3,24.9,8.7,24.6,33.3
FPS Urano RR,Drought,1,88,2.8,17.8,20.6,3.4,20.2,23.5
FPS Urano RR,Drought,2,92,3.1,18.1,21.2,3.5,20.1,23.6
FPS Urano RR,Drought,3,88,2.5,15.7,18.2,4.8,15.9,20.7
FPS Urano RR,Drought,4,84,3.2,17.6,20.8,4.7,20.7,25.4
HO Cristalina IPRO,Drought,1,88,3.23,11.05,14.28,5.92,14.96,20.9
HO Cristalina IPRO,Drought,2,88,3.76,13.05,16.81,6.11,15.30,21.4
HO Cristalina IPRO,Drought,3,88,3.76,13.55,17.31,6.67,15.41,22.1
HO Cristalina IPRO,Drought,4,77,2.69,14.65,17.34,4.51,15.01,19.5
HO Maracai IPRO,Drought,1,80,2.96,13.35,16.31,7.61,16.43,24.0
HO Maracai IPRO,Drought,2,76,3.23,12.90,16.13,7.15,17.66,24.8
HO Maracai IPRO,Drought,3,84,3.49,13.80,17.29,6.49,15.64,22.1
HO Maracai IPRO,Drought,4,76,2.99,13.44,16.43,6.37,19.56,25.9
HO Paranaiba IPRO,Drought,1,84,2.96,11.60,14.56,4.62,16.40,21.0
HO Paranaiba IPRO,Drought,2,84,2.96,12.60,15.56,6.68,16.71,23.4
HO Paranaiba IPRO,Drought,3,88,2.96,13.20,16.16,4.25,17.64,21.9
HO Paranaiba IPRO,Drought,4,88,3.76,14.50,18.26,5.98,17.41,23.4
LG 60163 IPRO,Drought,1,88,4.0,13.0,17.0,7.0,13.2,20.2
LG 60163 IPRO,Drought,2,96,3.7,14.9,18.6,6.8,13.2,20.0
LG 60163 IPRO,Drought,3,92,3.6,14.2,17.8,7.0,16.0,23.0
LG 60163 IPRO,Drought,4,92,3.2,13.7,16.8,5.9,14.8,20.7
LG 60177 IPRO,Drought,1,100,5.4,18.2,23.6,5.9,19.3,25.3
LG 60177 IPRO,Drought,2,92,5.0,20.5,25.5,6.5,19.8,26.3
LG 60177 IPRO,Drought,3,92,5.1,17.1,22.2,7.2,17.1,24.3
LG 60177 IPRO,Drought,4,92,4.9,18.6,23.5,6.1,19.2,25.3
M5917 IPRO,Drought,1,80,2.69,13.00,15.69,7.67,14.03,21.7
M5917 IPRO,Drought,2,84,2.38,12.70,15.08,5.28,15.18,20.5
M5917 IPRO,Drought,3,76,2.15,14.00,16.15,6.66,15.22,21.9
M5917 IPRO,Drought,4,80,2.69,15.30,17.99,7.90,16.92,24.8
M7110 IPRO,Drought,1,96,3.8,8.2,12.0,4.8,17.7,22.5
M7110 IPRO,Drought,2,92,3.6,8.3,11.9,5.0,16.7,21.7
M7110 IPRO,Drought,3,96,3.2,8.0,11.2,4.7,19.2,23.9
M7110 IPRO,Drought,4,88,3.6,9.0,12.6,5.4,18.2,23.6
NS 5106 IPRO,Drought,1,84,2.0,7.7,9.7,4.1,19.2,23.3
NS 5106 IPRO,Drought,2,72,2.0,7.9,9.9,3.9,16.1,19.9
NS 5106 IPRO,Drought,3,84,2.5,7.8,10.3,4.5,17.9,22.4
NS 5106 IPRO,Drought,4,76,2.0,8.0,10.0,4.4,17.4,21.8
NS 5151 IPRO,Drought,1,92,4.7,16.4,21.1,6.4,26.1,32.5
NS 5151 IPRO,Drought,2,88,3.2,19.6,22.8,7.7,22.0,29.7
NS 5151 IPRO,Drought,3,96,4.2,20.7,24.9,6.2,26.6,32.8
NS 5151 IPRO,Drought,4,92,5.8,19.6,25.4,7.9,23.1,31.0
NS 5909 RG,Drought,1,72,3.1,12.8,15.9,4.5,15.0,19.5
NS 5909 RG,Drought,2,60,3.7,15.2,18.9,5.2,17.3,22.5
NS 5909 RG,Drought,3,72,3.1,12.8,15.9,4.3,18.5,22.7
NS 5909 RG,Drought,4,64,3.8,12.2,16.0,5.0,17.4,22.4
NS 5959 IPRO,Drought,1,92,3.7,8.0,11.7,4.5,16.5,21.0
NS 5959 IPRO,Drought,2,96,3.8,7.3,11.1,4.6,15.7,20.3
NS 5959 IPRO,Drought,3,96,4.1,9.6,13.7,4.2,17.1,21.3
NS 5959 IPRO,Drought,4,88,4.2,8.6,12.8,5.4,18.6,24.0
NS 6909 IPRO,Drought,1,88,4.9,13.3,18.2,6.6,17.0,23.6
NS 6909 IPRO,Drought,2,92,5.0,13.1,18.1,7.1,16.2,23.3
NS 6909 IPRO,Drought,3,86,5.4,14.6,20.0,7.0,13.6,20.6
NS 6909 IPRO,Drought,4,92,5.7,16.1,21.8,8.2,16.5,24.7
NS 7000 IPRO,Drought,1,72,4.0,17.1,21.1,6.3,26.8,33.1
NS 7000 IPRO,Drought,2,68,4.1,16.2,20.3,6.0,25.3,31.3
NS 7000 IPRO,Drought,3,72,2.8,15.6,18.4,5.8,24.2,30.0
NS 7000 IPRO,Drought,4,64,2.7,18.1,20.8,6.8,22.1,28.9
NS 7007 IPRO,Drought,1,88,2.69,13.00,15.69,5.14,14.42,19.6
NS 7007 IPRO,Drought,2,88,2.69,12.00,14.69,5.63,14.37,20.0
NS 7007 IPRO,Drought,3,84,2.69,10.50,13.19,6.66,14.59,21.3
NS 7007 IPRO,Drought,4,80,2.69,12.55,15.24,7.91,13.99,21.9
NS 7209 IPRO,Drought,1,84,3.5,12.2,15.7,4.7,17.3,22.0
NS 7209 IPRO,Drought,2,76,4.4,12.1,16.5,5.4,20.4,25.8
NS 7209 IPRO,Drought,3,84,3.2,15.8,19.0,4.6,19.5,24.1
NS 7209 IPRO,Drought,4,72,3.4,10.9,14.3,4.4,15.8,20.3
NS 7300 IPRO,Drought,1,96,4.4,22.4,26.8,6.3,18.3,24.6
NS 7300 IPRO,Drought,2,96,4.3,19.4,23.7,6.5,17.4,23.9
NS 7300 IPRO,Drought,3,96,4.2,20.0,24.2,5.8,20.6,26.4
NS 7300 IPRO,Drought,4,92,4.0,17.4,21.4,5.4,19.8,25.2
NS 7338 IPRO,Drought,1,80,4.9,12.8,17.7,6.7,22.3,29.0
NS 7338 IPRO,Drought,2,88,4.8,14.0,18.8,8.1,21.5,29.5
NS 7338 IPRO,Drought,3,84,4.7,12.2,16.9,7.2,21.3,28.5
NS 7338 IPRO,Drought,4,80,4.6,15.0,19.6,6.5,24.0,30.5
NS 7505 IPRO,Drought,1,76,2.80,12.00,14.80,2.91,8.28,11.2
NS 7505 IPRO,Drought,2,72,2.69,15.00,17.69,5.14,10.28,15.4
NS 7505 IPRO,Drought,3,76,2.69,14.00,16.69,4.72,13.90,18.6
NS 7505 IPRO,Drought,4,80,2.69,14.90,17.59,4.90,9.80,14.7
NS 8399 IPRO,Drought,1,84,1.88,11.10,12.98,4.12,10.22,14.3
NS 8399 IPRO,Drought,2,76,2.69,10.00,12.69,5.39,11.00,16.4
NS 8399 IPRO,Drought,3,80,2.69,11.40,14.09,5.26,11.51,16.8
NS 8399 IPRO,Drought,4,76,2.42,10.20,12.62,5.14,10.58,15.7
RK 5813 RR,Drought,1,92,4.0,16.6,20.6,6.2,18.3,24.6
RK 5813 RR,Drought,2,88,2.5,15.5,18.0,5.7,21.7,27.5
RK 5813 RR,Drought,3,94,4.0,15.0,19.0,6.3,19.1,25.4
RK 5813 RR,Drought,4,92,4.7,14.3,19.0,7.0,21.8,28.8
RK 6316 RR,Drought,1,86,2.9,7.2,10.1,4.2,13.1,17.2
RK 6316 RR,Drought,2,92,2.3,9.7,12.0,3.3,15.2,18.5
RK 6316 RR,Drought,3,88,2.3,7.7,10.0,3.5,14.1,17.6
RK 6316 RR,Drought,4,88,2.9,9.3,12.2,3.6,15.7,19.3
RK 6719 IPRO,Drought,1,88,2.42,15.20,17.62,4.54,16.08,20.6
RK 6719 IPRO,Drought,2,84,2.42,17.00,19.42,4.06,16.80,20.9
RK 6719 IPRO,Drought,3,92,2.15,18.20,20.35,4.78,17.95,22.7
RK 6719 IPRO,Drought,4,88,2.42,16.30,18.72,5.86,16.60,22.5
RK 6813 RR,Drought,1,88,5.3,13.7,19.0,6.5,16.9,23.4
RK 6813 RR,Drought,2,94,4.3,16.5,20.8,6.0,16.0,22.0
RK 6813 RR,Drought,3,96,3.9,13.8,17.7,6.0,15.9,21.9
RK 6813 RR,Drought,4,96,5.3,16.0,21.3,8.0,15.1,23.0
RK 7214 IPRO,Drought,1,80,4.2,10.4,14.6,6.1,14.1,20.2
RK 7214 IPRO,Drought,2,78,4.0,10.7,14.7,6.7,14.3,20.9
RK 7214 IPRO,Drought,3,78,3.3,10.3,13.6,5.9,11.8,17.7
RK 7214 IPRO,Drought,4,78,3.9,11.6,15.5,5.5,15.1,20.6
RK 7518 IPRO,Drought,1,88,2.69,13.90,16.59,4.81,18.29,23.1
RK 7518 IPRO,Drought,2,88,2.42,15.60,18.02,5.65,17.82,23.5
RK 7518 IPRO,Drought,3,84,2.69,14.60,17.29,5.24,18.20,23.4
RK 7518 IPRO,Drought,4,84,2.69,15.00,17.69,5.62,20.60,26.2
RK 8115 IPRO,Drought,1,88,3.23,12.00,15.23,6.47,19.35,25.8
RK 8115 IPRO,Drought,2,88,2.42,11.40,13.82,5.47,19.38,24.9
RK 8115 IPRO,Drought,3,80,2.69,11.30,13.99,6.29,17.89,24.2
RK 8115 IPRO,Drought,4,84,2.69,10.70,13.39,5.30,19.41,24.7
RK 8317 IPRO,Drought,1,76,1.79,10.33,12.13,6.10,13.27,19.4
RK 8317 IPRO,Drought,2,84,2.69,12.00,14.69,5.94,14.70,20.6
RK 8317 IPRO,Drought,3,84,2.35,10.00,12.35,6.26,13.75,20.0
RK 8317 IPRO,Drought,4,88,2.69,11.60,14.29,4.25,13.82,18.1
ST 777 IPRO,Drought,1,92,7.79,16.80,24.59,7.13,13.81,20.9
ST 777 IPRO,Drought,2,88,5.64,14.80,20.44,6.08,13.40,19.5
ST 777 IPRO,Drought,3,88,5.20,15.50,20.70,5.74,15.74,21.5
ST 777 IPRO,Drought,4,92,5.73,16.20,21.93,5.23,13.79,19.0
ST 797 IPRO,Drought,1,84,4.03,14.05,18.08,5.54,12.50,18.0
ST 797 IPRO,Drought,2,88,3.76,13.45,17.21,4.96,12.32,17.3
ST 797 IPRO,Drought,3,84,3.76,12.70,16.46,5.90,12.10,18.0
ST 797 IPRO,Drought,4,84,4.03,12.10,16.13,4.80,12.83,17.6
SYN 13610 IPRO,Drought,1,90,4.6,10.9,15.5,6.6,21.2,27.8
SYN 13610 IPRO,Drought,2,88,4.0,7.0,11.0,5.6,20.9,26.5
SYN 13610 IPRO,Drought,3,88,4.7,9.8,14.5,6.0,18.5,24.5
SYN 13610 IPRO,Drought,4,84,4.0,8.3,12.3,5.6,18.3,23.9
TMG 2165 IPRO,Drought,1,92,2.50,14.60,17.10,6.98,16.39,23.4
TMG 2165 IPRO,Drought,2,92,2.39,13.33,15.72,7.16,18.06,25.2
TMG 2165 IPRO,Drought,3,92,2.02,15.13,17.14,5.70,18.93,24.6
TMG 2165 IPRO,Drought,4,92,3.23,16.10,19.33,6.59,18.15,24.7
TMG 2378 IPRO,Drought,1,88,1.88,13.30,15.18,3.78,12.58,16.4
TMG 2378 IPRO,Drought,2,92,1.61,13.70,15.31,2.93,13.21,16.1
TMG 2378 IPRO,Drought,3,92,1.61,14.00,15.61,3.42,13.80,17.2
TMG 2378 IPRO,Drought,4,92,1.34,12.40,13.74,3.28,12.10,15.4
TMG 2381 IPRO,Drought,1,92,2.69,15.00,17.69,7.25,18.04,25.3
TMG 2381 IPRO,Drought,2,88,2.45,14.80,17.25,6.90,13.18,20.1
TMG 2381 IPRO,Drought,3,84,2.42,12.60,15.02,6.34,15.80,22.1
TMG 2381 IPRO,Drought,4,92,2.69,13.30,15.99,6.37,16.21,22.6
TMG 7061 IPRO,Drought,1,88,2.15,16.50,18.65,4.49,23.85,28.3
TMG 7061 IPRO,Drought,2,92,2.96,14.95,17.91,6.17,22.19,28.4
TMG 7061 IPRO,Drought,3,92,2.69,13.30,15.99,6.43,21.87,28.3
TMG 7061 IPRO,Drought,4,84,2.96,14.10,17.06,6.44,21.87,28.3
TMG 7063 IPRO,Drought,1,84,9.25,14.33,23.58,7.37,18.46,25.8
TMG 7063 IPRO,Drought,2,80,6.00,12.67,18.67,6.59,17.52,24.1
TMG 7063 IPRO,Drought,3,80,6.25,14.00,20.25,7.08,16.86,23.9
TMG 7063 IPRO,Drought,4,84,9.00,13.00,22.00,5.71,19.36,25.1
TMG 7067 IPRO,Drought,1,92,1.61,12.20,13.81,5.35,20.44,25.8
TMG 7067 IPRO,Drought,2,88,1.92,13.86,15.78,5.13,21.27,26.4
TMG 7067 IPRO,Drought,3,88,2.39,12.70,15.09,5.17,21.92,27.1
TMG 7067 IPRO,Drought,4,84,2.39,13.22,15.61,5.40,20.78,26.2
TMG 716 RR,Drought,1,88,5.0,16.6,21.6,7.1,20.7,27.8
TMG 716 RR,Drought,2,92,4.1,17.0,21.1,6.2,23.8,30.0
TMG 716 RR,Drought,3,92,4.7,20.4,25.1,6.7,23.8,30.5
TMG 716 RR,Drought,4,96,4.4,16.0,20.4,6.6,20.6,27.1
5D 615 RR,Saline,1,100,6.9,5.7,12.6,33.1,15.5,48.6
5D 615 RR,Saline,2,92,7.2,7.4,14.6,29.8,16.0,45.8
5D 615 RR,Saline,3,96,8.9,5.8,14.7,32.5,16.1,48.5
5D 615 RR,Saline,4,100,7.5,6.1,13.6,31.3,14.9,46.2
5D 6215 IPRO,Saline,1,92,9.1,7.3,16.4,34.1,15.6,49.7
5D 6215 IPRO,Saline,2,92,9.5,8.3,17.7,32.7,15.9,48.6
5D 6215 IPRO,Saline,3,92,10.3,8.5,18.8,32.4,17.2,49.5
5D 6215 IPRO,Saline,4,96,9.5,8.3,17.8,29.8,15.1,44.8
5D 690 RR,Saline,1,68,6.1,9.0,15.1,29.9,14.6,44.5
5D 690 RR,Saline,2,68,7.0,9.6,16.6,31.0,15.5,46.5
5D 690 RR,Saline,3,72,6.9,8.7,15.5,32.1,15.0,47.1
5D 690 RR,Saline,4,60,5.7,7.8,13.5,29.0,14.3,43.3
5G 770 RR,Saline,1,72,5.9,8.9,14.8,26.9,12.2,39.1
5G 770 RR,Saline,2,88,6.7,10.3,17.0,25.3,13.8,39.1
5G 770 RR,Saline,3,92,6.0,10.4,16.4,24.7,15.2,39.9
5G 770 RR,Saline,4,76,6.5,9.5,16.0,23.8,13.6,37.4
5G 830 RR,Saline,1,88,7.9,5.3,13.2,30.5,12.8,43.3
5G 830 RR,Saline,2,96,8.5,5.5,13.9,30.5,11.7,42.2
5G 830 RR,Saline,3,92,8.9,6.5,15.4,31.5,13.7,45.2
5G 830 RR,Saline,4,100,7.9,6.1,14.0,30.8,13.0,43.8
95R51,Saline,1,48,6.5,5.8,12.3,33.5,15.2,48.7
95R51,Saline,2,64,7.9,8.2,16.0,31.3,11.5,42.8
95R51,Saline,3,52,6.7,8.5,15.1,30.3,13.3,43.6
95R51,Saline,4,56,6.6,6.5,13.1,29.2,12.8,42.1
97R21,Saline,1,84,7.3,7.6,14.9,26.7,13.8,40.5
97R21,Saline,2,60,6.1,7.1,13.1,26.7,14.6,41.3
97R21,Saline,3,84,8.0,8.9,16.9,29.5,13.8,43.3
97R21,Saline,4,76,7.0,6.9,13.9,25.2,14.2,39.4
97R50 IPRO,Saline,1,92,8.1,9.3,17.4,37.5,22.1,59.6
97R50 IPRO,Saline,2,88,9.5,12.7,22.1,30.6,21.2,51.7
97R50 IPRO,Saline,3,92,9.8,12.4,22.2,38.1,25.8,63.9
97R50 IPRO,Saline,4,92,10.6,10.9,21.4,38.2,19.8,58.0
97R73 RR,Saline,1,96,6.8,7.7,14.5,28.9,16.6,45.5
97R73 RR,Saline,2,100,7.9,9.6,17.6,28.0,18.6,46.6
97R73 RR,Saline,3,96,6.8,8.9,15.6,30.0,18.9,48.9
97R73 RR,Saline,4,96,7.0,8.0,15.0,26.9,17.8,44.8
98R31 IPRO,Saline,1,96,8.4,10.6,18.9,37.6,17.9,55.5
98R31 IPRO,Saline,2,88,9.0,12.6,21.5,42.7,20.8,63.4
98R31 IPRO,Saline,3,96,9.7,12.6,22.3,39.5,21.0,60.5
98R31 IPRO,Saline,4,92,9.9,10.0,19.9,40.1,17.8,57.9
98R35 IPRO,Saline,1,84,8.1,8.3,16.4,35.6,19.9,55.5
98R35 IPRO,Saline,2,88,6.9,9.4,16.2,30.9,17.1,48.0
98R35 IPRO,Saline,3,88,7.2,9.0,16.2,34.2,16.4,50.6
98R35 IPRO,Saline,4,92,7.9,12.2,20.1,36.3,14.9,51.2
AS 3575 IPRO,Saline,1,72,5.6,6.1,11.7,25.4,11.8,37.2
AS 3575 IPRO,Saline,2,84,6.3,5.2,11.5,28.2,13.6,41.7
AS 3575 IPRO,Saline,3,88,5.0,5.6,10.6,26.1,11.9,38.0
AS 3575 IPRO,Saline,4,96,4.8,4.7,9.4,24.5,12.2,36.7
AS 3610 IPRO,Saline,1,88,8.5,7.7,16.2,30.7,15.2,45.8
AS 3610 IPRO,Saline,2,96,9.8,9.6,19.4,34.2,19.0,53.1
AS 3610 IPRO,Saline,3,96,9.0,8.3,17.2,34.2,18.3,52.5
AS 3610 IPRO,Saline,4,88,7.3,7.0,14.2,30.2,15.4,45.6
BMX Bonus IPRO,Saline,1,88,7.4,8.3,15.7,38.9,15.5,54.4
BMX Bonus IPRO,Saline,2,88,6.4,8.8,15.2,37.9,16.3,54.3
BMX Bonus IPRO,Saline,3,84,8.1,9.5,17.6,40.0,17.3,57.4
BMX Bonus IPRO,Saline,4,88,8.5,9.4,17.9,39.3,16.4,55.7
BMX Desafio RR,Saline,1,100,10.5,10.4,20.9,36.2,15.1,51.3
BMX Desafio RR,Saline,2,96,9.5,11.3,20.8,34.7,15.4,50.1
BMX Desafio RR,Saline,3,96,11.8,13.5,25.3,38.2,18.4,56.6
BMX Desafio RR,Saline,4,96,11.3,14.9,26.2,38.0,15.8,53.8
BMX Foco IPRO,Saline,1,72,4.6,5.0,9.6,21.7,9.0,30.7
BMX Foco IPRO,Saline,2,72,4.1,4.7,8.8,19.9,8.2,28.1
BMX Foco IPRO,Saline,3,76,4.6,4.8,9.4,20.4,9.1,29.5
BMX Foco IPRO,Saline,4,72,4.6,4.0,8.6,18.4,8.1,26.5
BMX Ponta IPRO,Saline,1,96,9.6,11.8,21.4,36.5,17.5,54.0
BMX Ponta IPRO,Saline,2,88,9.5,11.1,20.6,40.3,15.4,55.6
BMX Ponta IPRO,Saline,3,100,11.5,10.9,22.4,39.0,16.1,55.1
BMX Ponta IPRO,Saline,4,92,7.8,10.1,17.9,33.6,14.3,47.9
CD 238 RR,Saline,1,88,7.6,5.9,13.5,31.1,11.0,42.1
CD 238 RR,Saline,2,84,9.2,7.4,16.6,33.4,11.6,45.0
CD 238 RR,Saline,3,84,9.0,6.4,15.4,27.8,11.3,39.1
CD 238 RR,Saline,4,78,7.3,6.2,13.5,29.4,13.2,42.6
CD 250,Saline,1,92,6.3,6.2,12.5,25.4,12.7,38.1
CD 250,Saline,2,100,8.0,6.3,14.3,26.5,12.3,38.7
CD 250,Saline,3,96,8.2,6.1,14.3,27.8,13.9,41.6
CD 250,Saline,4,84,6.5,5.6,12.1,23.3,13.7,37.0
CG 67 RR,Saline,1,92,5.9,5.0,10.9,23.9,10.6,34.4
CG 67 RR,Saline,2,96,7.2,5.3,12.5,28.4,11.9,40.3
CG 67 RR,Saline,3,92,6.5,6.5,13.0,29.3,13.2,42.5
CG 67 RR,Saline,4,84,5.7,4.8,10.5,24.3,10.1,34.4
CG 68 RR,Saline,1,72,6.3,8.0,14.2,28.7,13.4,42.1
CG 68 RR,Saline,2,92,7.1,8.8,15.9,29.5,13.7,43.2
CG 68 RR,Saline,3,80,7.7,8.5,16.2,26.8,14.6,41.4
CG 68 RR,Saline,4,64,6.5,8.9,15.4,28.1,13.3,41.4
CG 7464 RR,Saline,1,76,7.4,7.9,15.3,32.0,17.9,50.0
CG 7464 RR,Saline,2,84,9.2,7.3,16.5,34.2,16.9,51.1
CG 7464 RR,Saline,3,84,8.2,8.5,16.7,30.8,15.7,46.5
CG 7464 RR,Saline,4,80,7.4,6.8,14.2,30.7,16.3,47.0
CG 7665 RR,Saline,1,80,6.1,6.4,12.5,28.0,10.3,38.3
CG 7665 RR,Saline,2,76,7.0,7.1,14.1,29.0,11.7,40.7
CG 7665 RR,Saline,3,68,6.2,6.4,12.6,27.1,11.6,38.6
CG 7665 RR,Saline,4,72,6.0,5.1,11.1,26.2,9.5,35.7
CG 8166 RR,Saline,1,72,5.7,3.6,9.3,21.1,8.1,29.3
CG 8166 RR,Saline,2,76,6.2,3.8,9.9,22.4,10.1,32.5
CG 8166 RR,Saline,3,68,7.0,5.2,12.1,24.8,12.3,37.0
CG 8166 RR,Saline,4,92,5.5,4.2,9.7,21.8,9.4,31.2
FPS Antares RR,Saline,1,96,8.0,8.0,16.0,34.2,16.0,50.3
FPS Antares RR,Saline,2,96,7.8,7.2,15.0,34.6,18.4,53.0
FPS Antares RR,Saline,3,92,7.6,6.6,14.2,30.0,15.6,45.6
FPS Antares RR,Saline,4,88,5.7,7.5,13.2,28.6,15.6,44.2
FPS Atalanta IPRO,Saline,1,84,7.1,6.8,13.9,26.9,14.5,41.4
FPS Atalanta IPRO,Saline,2,80,5.8,6.6,12.4,26.2,14.8,41.0
FPS Atalanta IPRO,Saline,3,76,6.3,7.3,13.6,29.5,14.5,43.9
FPS Atalanta IPRO,Saline,4,68,5.7,5.9,11.6,24.5,13.5,38.0
FPS Iguacu RR,Saline,1,92,6.7,4.3,11.0,29.9,12.3,42.2
FPS Iguacu RR,Saline,2,84,8.7,5.5,14.2,29.6,14.4,44.0
FPS Iguacu RR,Saline,3,96,8.9,6.0,14.8,26.1,15.0,41.1
FPS Iguacu RR,Saline,4,84,7.6,5.1,12.7,26.6,14.1,40.6
FPS Jupiter RR,Saline,1,84,6.5,5.7,12.2,26.9,10.8,37.7
FPS Jupiter RR,Saline,2,92,7.4,7.7,15.1,26.8,11.2,38.0
FPS Jupiter RR,Saline,3,96,7.2,7.6,14.8,29.1,10.9,40.1
FPS Jupiter RR,Saline,4,92,7.8,6.9,14.6,29.0,11.0,40.0
FPS Netuno RR,Saline,1,80,4.9,4.0,8.9,25.2,8.3,33.5
FPS Netuno RR,Saline,2,88,7.1,4.7,11.8,24.8,10.4,35.2
FPS Netuno RR,Saline,3,84,7.0,5.2,12.2,26.1,11.2,37.2
FPS Netuno RR,Saline,4,88,6.3,4.6,10.8,22.7,10.2,32.9
FPS Paranapanema RR,Saline,1,84,5.1,5.7,10.8,26.8,11.8,38.5
FPS Paranapanema RR,Saline,2,96,5.5,6.7,12.2,24.8,10.8,35.5
FPS Paranapanema RR,Saline,3,80,7.1,7.2,14.3,29.3,12.7,41.9
FPS Paranapanema RR,Saline,4,88,7.3,6.6,13.9,28.8,11.2,40.0
FPS solar IPRO,Saline,1,92,5.8,5.2,11.0,26.7,12.2,38.9
FPS solar IPRO,Saline,2,84,7.4,7.0,14.4,28.5,14.3,42.8
FPS solar IPRO,Saline,3,80,7.3,7.5,14.8,29.9,14.4,44.3
FPS solar IPRO,Saline,4,88,7.1,7.1,14.2,27.5,15.0,42.5
FPS Solimoes RR,Saline,1,80,7.1,8.1,15.2,29.9,13.6,43.5
FPS Solimoes RR,Saline,2,88,9.0,8.3,17.3,32.3,15.0,47.3
FPS Solimoes RR,Saline,3,96,8.8,10.0,18.8,31.1,15.1,46.2
FPS Solimoes RR,Saline,4,88,6.1,8.0,14.1,28.9,14.3,43.2
FPS Urano RR,Saline,1,84,5.6,7.7,13.3,28.0,15.1,43.1
FPS Urano RR,Saline,2,80,6.5,9.7,16.2,29.6,18.1,47.7
FPS Urano RR,Saline,3,80,6.1,7.8,13.9,27.0,14.7,41.7
FPS Urano RR,Saline,4,92,6.2,8.4,14.6,27.6,15.3,42.9
HO Cristalina IPRO,Saline,1,72,5.6,5.9,11.5,22.5,10.4,32.8
HO Cristalina IPRO,Saline,2,76,5.1,6.4,11.4,21.1,14.5,35.5
HO Cristalina IPRO,Saline,3,72,6.0,7.1,13.1,23.1,11.1,34.2
HO Cristalina IPRO,Saline,4,76,5.6,7.1,12.7,24.1,13.9,38.0
HO Maracai IPRO,Saline,1,64,4.8,8.3,13.1,32.3,13.1,45.5
HO Maracai IPRO,Saline,2,68,5.2,9.2,14.4,41.9,16.6,58.5
HO Maracai IPRO,Saline,3,64,6.3,9.9,16.2,36.5,19.0,55.4
HO Maracai IPRO,Saline,4,68,4.3,6.2,10.6,35.3,23.3,58.6
HO Paranaiba IPRO,Saline,1,64,4.6,5.8,10.3,24.2,12.5,36.7
HO Paranaiba IPRO,Saline,2,64,4.8,5.8,10.6,21.3,11.8,33.1
HO Paranaiba IPRO,Saline,3,72,5.0,4.6,9.6,21.7,10.8,32.5
HO Paranaiba IPRO,Saline,4,76,4.9,5.4,10.3,24.3,12.2,36.5
LG 60163 IPRO,Saline,1,84,7.4,9.7,17.1,33.1,16.3,49.4
LG 60163 IPRO,Saline,2,68,7.6,8.5,16.0,34.6,16.7,51.3
LG 60163 IPRO,Saline,3,84,6.6,8.5,15.1,36.4,17.4,53.8
LG 60163 IPRO,Saline,4,76,7.6,8.1,15.7,34.2,16.5,50.7
LG 60177 IPRO,Saline,1,68,6.3,8.9,15.2,28.0,12.1,40.1
LG 60177 IPRO,Saline,2,80,8.4,8.9,17.3,30.3,14.6,44.9
LG 60177 IPRO,Saline,3,92,8.9,9.1,18.0,29.6,13.9,43.6
LG 60177 IPRO,Saline,4,84,6.6,7.2,13.8,26.3,11.0,37.3
M5917 IPRO,Saline,1,84,8.1,11.3,19.4,40.2,13.0,53.2
M5917 IPRO,Saline,2,92,8.8,12.9,21.6,39.8,14.9,54.7
M5917 IPRO,Saline,3,88,8.9,11.2,20.1,35.5,15.1,50.6
M5917 IPRO,Saline,4,84,9.6,11.0,20.6,41.0,13.5,54.5
M7110 IPRO,Saline,1,84,4.8,4.4,9.2,21.2,10.7,31.9
M7110 IPRO,Saline,2,92,5.7,4.6,10.3,24.2,11.2,35.4
M7110 IPRO,Saline,3,100,6.1,5.2,11.3,21.9,11.2,33.1
M7110 IPRO,Saline,4,92,5.3,4.0,9.3,19.8,9.9,29.8
NS 5106 IPRO,Saline,1,88,4.5,4.4,8.9,29.2,12.5,41.7
NS 5106 IPRO,Saline,2,76,5.5,5.1,10.6,25.2,12.5,37.7
NS 5106 IPRO,Saline,3,80,5.3,4.7,10.0,27.6,12.0,39.6
NS 5106 IPRO,Saline,4,84,5.3,4.1,9.4,28.2,10.9,39.1
NS 5151 IPRO,Saline,1,76,5.0,6.0,11.0,28.8,14.4,43.2
NS 5151 IPRO,Saline,2,96,7.4,6.8,14.2,30.0,15.5,45.5
NS 5151 IPRO,Saline,3,80,6.9,6.7,13.6,29.0,12.8,41.8
NS 5151 IPRO,Saline,4,100,7.2,8.0,15.2,28.2,14.6,42.8
NS 5909 RG,Saline,1,56,4.6,4.5,9.1,21.6,9.7,31.3
NS 5909 RG,Saline,2,56,6.2,4.3,10.5,22.2,11.7,33.9
NS 5909 RG,Saline,3,60,5.8,4.7,10.5,24.6,12.7,37.3
NS 5909 RG,Saline,4,64,5.6,3.9,9.5,22.0,10.0,32.0
NS 5959 IPRO,Saline,1,84,5.8,4.1,9.9,35.7,7.9,43.6
NS 5959 IPRO,Saline,2,84,6.8,4.9,11.7,31.9,9.1,40.9
NS 5959 IPRO,Saline,3,88,6.2,4.3,10.5,33.2,8.1,41.3
NS 5959 IPRO,Saline,4,72,6.2,4.4,10.6,28.6,7.2,35.8
NS 6909 IPRO,Saline,1,60,5.8,4.2,10.0,26.9,9.7,36.6
NS 6909 IPRO,Saline,2,72,7.1,6.2,13.3,30.5,10.8,41.3
NS 6909 IPRO,Saline,3,64,6.6,4.9,11.5,26.9,9.3,36.2
NS 6909 IPRO,Saline,4,68,7.1,5.0,12.1,27.3,9.1,36.4
NS 7000 IPRO,Saline,1,68,7.1,6.5,13.6,32.3,14.6,46.9
NS 7000 IPRO,Saline,2,60,5.1,5.9,11.0,32.4,12.7,45.1
NS 7000 IPRO,Saline,3,56,7.0,5.8,12.8,32.1,12.3,44.4
NS 7000 IPRO,Saline,4,72,7.3,7.3,14.7,32.9,13.7,46.5
NS 7007 IPRO,Saline,1,88,7.9,9.3,17.2,37.1,14.0,51.1
NS 7007 IPRO,Saline,2,88,7.8,10.0,17.8,40.6,19.8,60.4
NS 7007 IPRO,Saline,3,92,9.5,10.9,20.4,43.0,15.3,58.4
NS 7007 IPRO,Saline,4,88,7.2,12.7,19.9,41.4,14.0,55.3
NS 7209 IPRO,Saline,1,76,6.2,6.0,12.2,31.7,9.2,40.9
NS 7209 IPRO,Saline,2,80,7.1,6.9,14.0,32.9,10.9,43.8
NS 7209 IPRO,Saline,3,80,7.8,7.0,14.8,34.3,11.7,46.0
NS 7209 IPRO,Saline,4,72,6.4,6.2,12.6,33.0,11.4,44.3
NS 7300 IPRO,Saline,1,100,8.0,6.7,14.7,33.2,10.7,43.9
NS 7300 IPRO,Saline,2,92,6.4,6.9,13.3,34.9,13.1,48.0
NS 7300 IPRO,Saline,3,92,5.8,7.5,13.3,33.6,11.6,45.2
NS 7300 IPRO,Saline,4,96,6.6,7.8,14.4,36.7,12.5,49.3
NS 7338 IPRO,Saline,1,68,6.8,4.3,11.1,32.6,8.8,41.4
NS 7338 IPRO,Saline,2,76,7.7,5.6,13.3,37.2,10.0,47.2
NS 7338 IPRO,Saline,3,84,7.7,6.5,14.2,42.0,11.9,53.9
NS 7338 IPRO,Saline,4,72,7.2,5.3,12.5,35.0,9.7,44.7
NS 7505 IPRO,Saline,1,72,5.0,5.8,10.8,23.2,9.5,32.7
NS 7505 IPRO,Saline,2,72,5.0,5.7,10.7,26.4,9.2,35.6
NS 7505 IPRO,Saline,3,76,5.6,6.1,11.7,27.3,10.7,38.0
NS 7505 IPRO,Saline,4,68,4.3,5.5,9.8,31.0,8.4,39.3
NS 8399 IPRO,Saline,1,76,4.8,5.8,10.5,16.1,13.6,29.6
NS 8399 IPRO,Saline,2,80,3.3,5.7,9.0,14.9,10.5,25.4
NS 8399 IPRO,Saline,3,72,3.5,6.3,9.8,15.2,12.3,27.5
NS 8399 IPRO,Saline,4,80,3.4,6.6,10.0,15.1,12.5,27.6
RK 5813 RR,Saline,1,92,7.4,6.4,13.8,37.3,10.0,47.2
RK 5813 RR,Saline,2,88,8.6,7.9,16.5,36.0,11.9,47.9
RK 5813 RR,Saline,3,96,9.6,7.9,17.5,41.5,12.2,53.7
RK 5813 RR,Saline,4,92,7.6,7.7,15.3,38.7,11.7,50.4
RK 6316 RR,Saline,1,84,6.1,4.2,10.3,28.1,7.7,35.8
RK 6316 RR,Saline,2,92,7.6,5.4,13.0,31.0,9.0,40.0
RK 6316 RR,Saline,3,84,8.4,6.2,14.6,30.5,10.1,40.6
RK 6316 RR,Saline,4,80,8.8,5.7,14.5,33.1,10.5,43.6
RK 6719 IPRO,Saline,1,92,7.2,10.5,17.7,31.6,15.0,46.6
RK 6719 IPRO,Saline,2,92,8.7,11.3,20.0,34.2,16.4,50.7
RK 6719 IPRO,Saline,3,96,6.7,11.3,18.0,30.0,16.8,46.9
RK 6719 IPRO,Saline,4,96,8.3,10.0,18.3,33.0,17.1,50.1
RK 6813 RR,Saline,1,92,9.3,8.4,17.7,32.6,11.5,44.1
RK 6813 RR,Saline,2,100,10.0,11.1,21.1,36.7,12.5,49.2
RK 6813 RR,Saline,3,100,9.6,7.2,16.8,36.8,9.5,46.3
RK 6813 RR,Saline,4,92,10.3,11.0,21.3,37.5,11.9,49.4
RK 7214 IPRO,Saline,1,80,8.0,8.5,16.5,35.8,11.9,47.7
RK 7214 IPRO,Saline,2,80,7.9,9.0,16.9,35.8,13.8,49.5
RK 7214 IPRO,Saline,3,84,7.0,7.6,14.6,33.6,10.9,44.5
RK 7214 IPRO,Saline,4,72,7.3,6.5,13.8,35.3,11.7,47.0
RK 7518 IPRO,Saline,1,76,6.8,6.8,13.6,27.2,16.4,43.6
RK 7518 IPRO,Saline,2,80,8.2,7.5,15.7,27.6,14.3,41.9
RK 7518 IPRO,Saline,3,84,7.9,6.1,14.0,30.6,14.4,45.0
RK 7518 IPRO,Saline,4,84,7.1,6.3,13.4,28.1,14.6,42.7
RK 8115 IPRO,Saline,1,88,7.6,11.3,18.9,35.9,16.8,52.8
RK 8115 IPRO,Saline,2,76,7.7,10.3,18.0,37.7,14.7,52.3
RK 8115 IPRO,Saline,3,80,7.4,11.0,18.4,36.8,17.9,54.7
RK 8115 IPRO,Saline,4,76,7.8,10.3,18.1,35.2,15.9,51.1
RK 8317 IPRO,Saline,1,72,6.4,4.6,11.0,28.7,5.6,34.3
RK 8317 IPRO,Saline,2,76,5.0,4.7,9.7,23.1,5.0,28.1
RK 8317 IPRO,Saline,3,76,6.5,4.1,10.6,23.8,7.9,31.7
RK 8317 IPRO,Saline,4,80,6.3,5.7,12.0,30.6,7.0,37.7
ST 777 IPRO,Saline,1,92,9.2,10.7,19.9,27.9,10.0,37.9
ST 777 IPRO,Saline,2,84,9.7,9.7,19.4,24.7,9.4,34.1
ST 777 IPRO,Saline,3,92,9.4,10.1,19.5,28.5,11.1,39.6
ST 777 IPRO,Saline,4,84,8.6,10.8,19.4,26.8,11.9,38.7
ST 797 IPRO,Saline,1,92,7.4,11.6,19.0,28.6,13.9,42.5
ST 797 IPRO,Saline,2,96,8.3,12.8,21.1,32.0,12.9,44.8
ST 797 IPRO,Saline,3,96,7.9,13.5,21.4,29.0,15.0,43.9
ST 797 IPRO,Saline,4,96,6.2,11.9,18.1,33.1,12.8,45.9
SYN 13610 IPRO,Saline,1,80,7.3,5.0,12.3,29.2,13.8,43.0
SYN 13610 IPRO,Saline,2,72,7.7,5.8,13.4,29.3,12.6,41.9
SYN 13610 IPRO,Saline,3,88,7.1,4.9,12.0,28.8,13.1,41.9
SYN 13610 IPRO,Saline,4,68,6.6,4.3,10.9,26.8,11.6,38.4
TMG 2165 IPRO,Saline,1,72,9.0,9.9,18.9,28.6,15.0,43.6
TMG 2165 IPRO,Saline,2,84,8.3,10.4,18.7,30.5,15.8,46.3
TMG 2165 IPRO,Saline,3,88,7.0,10.0,17.0,26.5,15.3,41.7
TMG 2165 IPRO,Saline,4,80,8.8,11.1,19.9,29.5,16.3,45.8
TMG 2378 IPRO,Saline,1,92,5.4,7.1,12.5,30.0,10.6,40.6
TMG 2378 IPRO,Saline,2,84,7.8,7.7,15.5,29.7,9.4,39.1
TMG 2378 IPRO,Saline,3,88,7.6,8.2,15.8,28.8,11.6,40.4
TMG 2378 IPRO,Saline,4,92,7.3,7.3,14.6,34.7,11.3,46.0
TMG 2381 IPRO,Saline,1,84,7.8,9.5,17.3,35.5,11.5,47.0
TMG 2381 IPRO,Saline,2,88,7.9,8.1,16.0,33.6,13.4,47.1
TMG 2381 IPRO,Saline,3,92,8.0,7.9,15.9,35.2,11.7,46.9
TMG 2381 IPRO,Saline,4,84,8.4,8.5,16.9,33.8,12.5,46.3
TMG 7061 IPRO,Saline,1,88,5.9,6.5,12.4,27.2,19.3,46.5
TMG 7061 IPRO,Saline,2,76,4.9,5.1,10.0,24.3,20.3,44.5
TMG 7061 IPRO,Saline,3,84,4.9,6.3,11.2,23.3,19.2,42.6
TMG 7061 IPRO,Saline,4,84,5.3,5.6,10.9,31.1,15.5,46.6
TMG 7063 IPRO,Saline,1,76,6.2,6.7,12.9,31.0,16.3,47.3
TMG 7063 IPRO,Saline,2,76,5.0,6.2,11.2,24.6,18.4,42.9
TMG 7063 IPRO,Saline,3,80,5.0,4.8,9.8,24.4,16.8,41.2
TMG 7063 IPRO,Saline,4,76,4.4,5.4,9.8,30.0,14.8,44.8
TMG 7067 IPRO,Saline,1,96,7.4,6.6,14.0,37.5,21.7,59.2
TMG 7067 IPRO,Saline,2,76,8.8,6.5,15.3,35.4,24.0,59.4
TMG 7067 IPRO,Saline,3,88,8.3,8.2,16.5,38.5,20.0,58.5
TMG 7067 IPRO,Saline,4,92,7.3,7.9,15.2,33.5,19.6,53.1
TMG 716 RR,Saline,1,88,8.6,7.9,16.5,35.3,14.3,49.5
TMG 716 RR,Saline,2,96,7.6,10.2,17.8,34.8,16.8,51.6
TMG 716 RR,Saline,3,96,6.8,10.4,17.2,34.5,14.9,49.4
TMG 716 RR,Saline,4,88,8.2,7.5,15.7,33.7,13.0,46.7
